timestamp,granulPeriod,DRB.UEThpDl,DRB.UEThpUl,DRB.RlcPacketDropRateDl,DRB.PacketSuccessRateUlgNBUu,DRB.RlcSduTransmittedVolumeDL,DRB.RlcSduTransmittedVolumeUL
2025-04-13 08:53:00,1000,0.0,0.0,0,0,0,0
2025-04-13 08:54:18,1000,0.0,0.0,0,0,0,0
2025-04-13 08:54:22,1000,0.0,0.0,0,0,0,0
2025-04-13 08:54:26,1000,0.0,0.0,0,0,0,0
2025-04-13 08:54:30,1000,0.0,0.0,0,0,0,0
2025-04-13 08:54:34,1000,0.0,0.0,0,0,0,0
2025-04-13 08:54:38,1000,0.0,0.0,0,0,0,0
2025-04-13 08:54:42,1000,0.0,0.0,0,0,0,0
2025-04-13 08:54:46,1000,0.0,0.0,0,0,0,0
2025-04-13 08:54:50,1000,0.0,0.0,0,0,0,0
2025-04-13 08:54:54,1000,0.0,0.0,0,0,0,0
2025-04-13 08:54:58,1000,0.0,0.0,0,0,0,0
2025-04-13 08:55:02,1000,0.0,0.0,0,0,0,0
2025-04-13 08:55:06,1000,0.0,0.0,0,0,0,0
2025-04-13 08:55:10,1000,0.0,0.0,0,0,0,0
2025-04-13 08:55:14,1000,0.0,0.0,0,0,0,0
2025-04-13 08:55:18,1000,0.0,0.0,0,0,0,0
2025-04-13 08:55:22,1000,28.0,2170.0,0,100,27,2160
2025-04-13 08:55:26,1000,18.0,8680.0,0,100,18,8642
2025-04-13 08:55:30,1000,18.0,8680.0,0,100,18,8642
2025-04-13 08:55:34,1000,18.0,8680.0,0,100,18,8642
2025-04-13 08:55:38,1000,18.0,8680.0,0,100,18,8642
2025-04-13 08:55:42,1000,18.0,8680.0,0,100,18,8642
2025-04-13 08:55:46,1000,18.0,8680.0,0,100,18,8642
2025-04-13 08:55:50,1000,18.0,8680.0,0,100,18,8642
2025-04-13 08:55:54,1000,4.0,2170.0,0,100,4,2160
2025-04-13 08:55:58,1000,0.0,0.0,0,0,0,0
2025-04-13 08:56:02,1000,0.0,0.0,0,0,0,0
2025-04-13 08:56:06,1000,0.0,0.0,0,0,0,0
2025-04-13 08:56:10,1000,0.0,0.0,0,0,0,0
2025-04-13 08:56:14,1000,0.0,0.0,0,0,0,0
2025-04-13 08:56:18,1000,0.0,0.0,0,0,0,0
2025-04-13 08:56:22,1000,0.0,0.0,0,0,0,0
2025-04-13 08:56:26,1000,0.0,0.0,0,0,0,0
2025-04-13 08:56:30,1000,0.0,0.0,0,0,0,0
2025-04-13 08:56:34,1000,0.0,0.0,0,0,0,0
2025-04-13 08:56:38,1000,0.0,0.0,0,0,0,0
2025-04-13 08:56:42,1000,0.0,0.0,0,0,0,0
2025-04-13 08:56:46,1000,0.0,0.0,0,0,0,0
2025-04-13 08:56:50,1000,0.0,0.0,0,0,0,0
2025-04-13 08:56:54,1000,0.0,0.0,0,0,0,0
2025-04-13 08:56:58,1000,0.0,0.0,0,0,0,0
2025-04-13 08:57:02,1000,0.0,0.0,0,0,0,0
2025-04-13 08:57:06,1000,0.0,0.0,0,0,0,0
2025-04-13 08:57:10,1000,0.0,0.0,0,0,0,0
2025-04-13 08:57:14,1000,0.0,0.0,0,0,0,0
2025-04-13 08:57:18,1000,0.0,0.0,0,0,0,0
2025-04-13 08:57:22,1000,0.0,0.0,0,0,0,0
2025-04-13 08:57:26,1000,0.0,0.0,0,0,0,0
2025-04-13 08:57:30,1000,0.0,0.0,0,0,0,0
2025-04-13 08:57:34,1000,0.0,0.0,0,0,0,0
2025-04-13 08:57:38,1000,0.0,0.0,0,0,0,0
2025-04-13 08:57:42,1000,0.0,0.0,0,0,0,0
2025-04-13 08:57:46,1000,0.0,0.0,0,0,0,0
2025-04-13 08:57:50,1000,0.0,0.0,0,0,0,0
2025-04-13 08:57:54,1000,32.0,3103.0,0,100,32,3089
2025-04-13 08:57:58,1000,18.0,8680.0,0,100,18,8642
2025-04-13 08:58:02,1000,18.0,8653.0,0,100,18,8608
2025-04-13 08:58:06,1000,18.0,8733.0,0,100,18,8701
2025-04-13 08:58:10,1000,18.0,8653.0,0,100,18,8617
2025-04-13 08:58:14,1000,18.0,8176.0,0,100,18,8136
2025-04-13 08:58:18,1000,18.0,8627.0,0,100,18,8591
2025-04-13 08:58:22,1000,18.0,8702.0,0,100,18,8659
2025-04-13 08:58:26,1000,0.0,1772.0,0,100,0,1772
2025-04-13 08:58:30,1000,0.0,0.0,0,0,0,0
2025-04-13 08:58:34,1000,0.0,0.0,0,0,0,0
2025-04-13 08:58:38,1000,0.0,0.0,0,0,0,0
2025-04-13 08:58:42,1000,0.0,0.0,0,0,0,0
2025-04-13 08:58:46,1000,0.0,0.0,0,0,0,0
2025-04-13 08:58:50,1000,0.0,0.0,0,0,0,0
2025-04-13 08:58:54,1000,0.0,0.0,0,0,0,0
2025-04-13 08:58:58,1000,0.0,0.0,0,0,0,0
2025-04-13 08:59:02,1000,0.0,0.0,0,0,0,0
2025-04-13 08:59:06,1000,0.0,0.0,0,0,0,0
2025-04-13 08:59:10,1000,0.0,0.0,0,0,0,0
2025-04-13 08:59:14,1000,0.0,0.0,0,0,0,0
2025-04-13 08:59:18,1000,0.0,0.0,0,0,0,0
2025-04-13 08:59:22,1000,0.0,0.0,0,0,0,0
2025-04-13 08:59:26,1000,0.0,0.0,0,0,0,0
2025-04-13 08:59:30,1000,0.0,0.0,0,0,0,0
2025-04-13 08:59:34,1000,0.0,0.0,0,0,0,0
2025-04-13 08:59:38,1000,0.0,0.0,0,0,0,0
2025-04-13 08:59:42,1000,0.0,0.0,0,0,0,0
2025-04-13 08:59:46,1000,0.0,0.0,0,0,0,0
2025-04-13 08:59:50,1000,0.0,0.0,0,0,0,0
2025-04-13 08:59:54,1000,0.0,0.0,0,0,0,0
2025-04-13 08:59:58,1000,0.0,0.0,0,0,0,0
2025-04-13 09:00:02,1000,0.0,0.0,0,0,0,0
2025-04-13 09:00:06,1000,0.0,0.0,0,0,0,0
2025-04-13 09:00:10,1000,0.0,0.0,0,0,0,0
2025-04-13 09:00:14,1000,0.0,0.0,0,0,0,0
2025-04-13 09:00:18,1000,0.0,0.0,0,0,0,0
2025-04-13 09:00:22,1000,0.0,0.0,0,0,0,0
2025-04-13 09:00:26,1000,32.0,3580.0,0,100,32,3561
2025-04-13 09:00:30,1000,18.0,8675.0,0,100,18,8634
2025-04-13 09:00:34,1000,18.0,8737.0,0,100,18,8701
2025-04-13 09:00:38,1000,18.0,8680.0,0,100,18,8642
2025-04-13 09:00:42,1000,18.0,8123.0,0,100,18,8085
2025-04-13 09:00:46,1000,18.0,8680.0,0,100,18,8642
2025-04-13 09:00:50,1000,18.0,8706.0,0,100,18,8676
2025-04-13 09:00:54,1000,18.0,8680.0,0,100,18,8642
2025-04-13 09:00:58,1000,0.0,1237.0,0,100,0,1232
2025-04-13 09:01:02,1000,0.0,0.0,0,0,0,0
2025-04-13 09:01:06,1000,0.0,0.0,0,0,0,0
2025-04-13 09:01:10,1000,0.0,0.0,0,0,0,0
2025-04-13 09:01:14,1000,0.0,0.0,0,0,0,0
2025-04-13 09:01:18,1000,0.0,0.0,0,0,0,0
2025-04-13 09:01:22,1000,0.0,0.0,0,0,0,0
2025-04-13 09:01:26,1000,0.0,0.0,0,0,0,0
2025-04-13 09:01:30,1000,0.0,0.0,0,0,0,0
2025-04-13 09:01:34,1000,0.0,0.0,0,0,0,0
2025-04-13 09:01:38,1000,0.0,0.0,0,0,0,0
2025-04-13 09:01:42,1000,0.0,0.0,0,0,0,0
2025-04-13 09:01:46,1000,0.0,0.0,0,0,0,0
2025-04-13 09:01:50,1000,0.0,0.0,0,0,0,0
2025-04-13 09:01:54,1000,0.0,0.0,0,0,0,0
2025-04-13 09:01:58,1000,0.0,0.0,0,0,0,0
2025-04-13 09:02:02,1000,0.0,0.0,0,0,0,0
2025-04-13 09:02:06,1000,0.0,0.0,0,0,0,0
2025-04-13 09:02:10,1000,0.0,0.0,0,0,0,0
2025-04-13 09:02:14,1000,0.0,0.0,0,0,0,0
2025-04-13 09:02:18,1000,0.0,0.0,0,0,0,0
2025-04-13 09:02:22,1000,0.0,0.0,0,0,0,0
2025-04-13 09:02:26,1000,0.0,0.0,0,0,0,0
2025-04-13 09:02:30,1000,0.0,0.0,0,0,0,0
2025-04-13 09:02:34,1000,0.0,0.0,0,0,0,0
2025-04-13 09:02:38,1000,0.0,0.0,0,0,0,0
2025-04-13 09:02:42,1000,0.0,0.0,0,0,0,0
2025-04-13 09:02:46,1000,0.0,0.0,0,0,0,0
2025-04-13 09:02:50,1000,0.0,0.0,0,0,0,0
2025-04-13 09:02:54,1000,0.0,0.0,0,0,0,0
2025-04-13 09:02:58,1000,28.0,2170.0,0,100,27,2160
2025-04-13 09:03:02,1000,18.0,8680.0,0,100,18,8642
2025-04-13 09:03:06,1000,18.0,8680.0,0,100,18,8642
2025-04-13 09:03:10,1000,18.0,8680.0,0,100,18,8642
2025-04-13 09:03:14,1000,18.0,8680.0,0,100,18,8642
2025-04-13 09:03:18,1000,18.0,8680.0,0,100,18,8642
2025-04-13 09:03:22,1000,18.0,8680.0,0,100,18,8642
2025-04-13 09:03:26,1000,18.0,8680.0,0,100,18,8642
2025-04-13 09:03:30,1000,4.0,2170.0,0,100,4,2160
2025-04-13 09:03:34,1000,0.0,0.0,0,0,0,0
2025-04-13 09:03:38,1000,0.0,0.0,0,0,0,0
2025-04-13 09:03:42,1000,0.0,0.0,0,0,0,0
2025-04-13 09:03:46,1000,0.0,0.0,0,0,0,0
2025-04-13 09:03:50,1000,0.0,0.0,0,0,0,0
2025-04-13 09:03:54,1000,0.0,0.0,0,0,0,0
2025-04-13 09:03:58,1000,0.0,0.0,0,0,0,0
2025-04-13 09:04:02,1000,0.0,0.0,0,0,0,0
2025-04-13 09:04:06,1000,0.0,0.0,0,0,0,0
2025-04-13 09:04:10,1000,0.0,0.0,0,0,0,0
2025-04-13 09:04:14,1000,0.0,0.0,0,0,0,0
2025-04-13 09:04:18,1000,0.0,0.0,0,0,0,0
2025-04-13 09:04:22,1000,0.0,0.0,0,0,0,0
2025-04-13 09:04:26,1000,0.0,0.0,0,0,0,0
2025-04-13 09:04:30,1000,0.0,0.0,0,0,0,0
2025-04-13 09:04:34,1000,0.0,0.0,0,0,0,0
2025-04-13 09:04:38,1000,0.0,0.0,0,0,0,0
2025-04-13 09:04:42,1000,0.0,0.0,0,0,0,0
2025-04-13 09:04:46,1000,0.0,0.0,0,0,0,0
2025-04-13 09:04:50,1000,0.0,0.0,0,0,0,0
2025-04-13 09:04:54,1000,0.0,0.0,0,0,0,0
2025-04-13 09:04:58,1000,0.0,0.0,0,0,0,0
2025-04-13 09:05:02,1000,0.0,0.0,0,0,0,0
2025-04-13 09:05:06,1000,0.0,0.0,0,0,0,0
2025-04-13 09:05:10,1000,0.0,0.0,0,0,0,0
2025-04-13 09:05:14,1000,0.0,0.0,0,0,0,0
2025-04-13 09:05:18,1000,0.0,0.0,0,0,0,0
2025-04-13 09:05:22,1000,0.0,0.0,0,0,0,0
2025-04-13 09:05:26,1000,0.0,0.0,0,0,0,0
2025-04-13 09:05:30,1000,0.0,0.0,0,0,0,0
2025-04-13 09:05:34,1000,41.0,8680.0,0,100,41,8642
2025-04-13 09:05:38,1000,18.0,8680.0,0,100,18,8642
2025-04-13 09:05:42,1000,18.0,8680.0,0,100,18,8642
2025-04-13 09:05:46,1000,18.0,8680.0,0,100,18,8642
2025-04-13 09:05:50,1000,18.0,8680.0,0,100,18,8642
2025-04-13 09:05:54,1000,18.0,8680.0,0,100,18,8642
2025-04-13 09:05:58,1000,18.0,8680.0,0,100,18,8642
2025-04-13 09:06:02,1000,9.0,4340.0,0,100,9,4321
2025-04-13 09:06:06,1000,0.0,0.0,0,0,0,0
2025-04-13 09:06:10,1000,0.0,0.0,0,0,0,0
2025-04-13 09:06:14,1000,0.0,0.0,0,0,0,0
2025-04-13 09:06:18,1000,0.0,0.0,0,0,0,0
2025-04-13 09:06:22,1000,0.0,0.0,0,0,0,0
2025-04-13 09:06:26,1000,0.0,0.0,0,0,0,0
2025-04-13 09:06:30,1000,0.0,0.0,0,0,0,0
2025-04-13 09:06:34,1000,0.0,0.0,0,0,0,0
2025-04-13 09:06:38,1000,0.0,0.0,0,0,0,0
2025-04-13 09:06:42,1000,0.0,0.0,0,0,0,0
2025-04-13 09:06:46,1000,0.0,0.0,0,0,0,0
2025-04-13 09:06:50,1000,0.0,0.0,0,0,0,0
2025-04-13 09:06:54,1000,0.0,0.0,0,0,0,0
2025-04-13 09:06:58,1000,0.0,0.0,0,0,0,0
2025-04-13 09:07:02,1000,0.0,0.0,0,0,0,0
2025-04-13 09:07:06,1000,0.0,0.0,0,0,0,0
2025-04-13 09:07:10,1000,0.0,0.0,0,0,0,0
2025-04-13 09:07:14,1000,0.0,0.0,0,0,0,0
2025-04-13 09:07:18,1000,0.0,0.0,0,0,0,0
2025-04-13 09:07:22,1000,0.0,0.0,0,0,0,0
2025-04-13 09:07:26,1000,0.0,0.0,0,0,0,0
2025-04-13 09:07:30,1000,0.0,0.0,0,0,0,0
2025-04-13 09:07:34,1000,0.0,0.0,0,0,0,0
2025-04-13 09:07:38,1000,0.0,0.0,0,0,0,0
2025-04-13 09:07:42,1000,0.0,0.0,0,0,0,0
2025-04-13 09:07:46,1000,0.0,0.0,0,0,0,0
2025-04-13 09:07:50,1000,0.0,0.0,0,0,0,0
2025-04-13 09:07:54,1000,0.0,0.0,0,0,0,0
2025-04-13 09:07:58,1000,0.0,0.0,0,0,0,0
2025-04-13 09:08:02,1000,0.0,0.0,0,0,0,0
2025-04-13 09:08:06,1000,41.0,8680.0,0,100,41,8642
2025-04-13 09:08:10,1000,18.0,8680.0,0,100,18,8642
2025-04-13 09:08:14,1000,18.0,8680.0,0,100,18,8642
2025-04-13 09:08:18,1000,18.0,8680.0,0,100,18,8642
2025-04-13 09:08:22,1000,18.0,8680.0,0,100,18,8642
2025-04-13 09:08:26,1000,18.0,8680.0,0,100,18,8642
2025-04-13 09:08:30,1000,18.0,8680.0,0,100,18,8642
2025-04-13 09:08:34,1000,9.0,4340.0,0,100,9,4321
2025-04-13 09:08:38,1000,0.0,0.0,0,0,0,0
2025-04-13 09:08:42,1000,0.0,0.0,0,0,0,0
2025-04-13 09:08:46,1000,0.0,0.0,0,0,0,0
2025-04-13 09:08:50,1000,0.0,0.0,0,0,0,0
2025-04-13 09:08:54,1000,0.0,0.0,0,0,0,0
2025-04-13 09:08:58,1000,0.0,0.0,0,0,0,0
2025-04-13 09:09:02,1000,0.0,0.0,0,0,0,0
2025-04-13 09:09:06,1000,0.0,0.0,0,0,0,0
2025-04-13 09:09:10,1000,0.0,0.0,0,0,0,0
2025-04-13 09:09:14,1000,0.0,0.0,0,0,0,0
2025-04-13 09:09:18,1000,0.0,0.0,0,0,0,0
2025-04-13 09:09:22,1000,0.0,0.0,0,0,0,0
2025-04-13 09:09:26,1000,0.0,0.0,0,0,0,0
2025-04-13 09:09:30,1000,0.0,0.0,0,0,0,0
2025-04-13 09:09:34,1000,0.0,0.0,0,0,0,0
2025-04-13 09:09:38,1000,0.0,0.0,0,0,0,0
2025-04-13 09:09:42,1000,0.0,0.0,0,0,0,0
2025-04-13 09:09:46,1000,0.0,0.0,0,0,0,0
2025-04-13 09:09:50,1000,0.0,0.0,0,0,0,0
2025-04-13 09:09:54,1000,0.0,0.0,0,0,0,0
2025-04-13 09:09:58,1000,0.0,0.0,0,0,0,0
2025-04-13 09:10:02,1000,0.0,0.0,0,0,0,0
2025-04-13 09:10:06,1000,0.0,0.0,0,0,0,0
2025-04-13 09:10:10,1000,0.0,0.0,0,0,0,0
2025-04-13 09:10:14,1000,0.0,0.0,0,0,0,0
2025-04-13 09:10:18,1000,0.0,0.0,0,0,0,0
2025-04-13 09:10:22,1000,0.0,0.0,0,0,0,0
2025-04-13 09:10:26,1000,0.0,0.0,0,0,0,0
2025-04-13 09:10:30,1000,0.0,0.0,0,0,0,0
2025-04-13 09:10:34,1000,0.0,0.0,0,0,0,0
2025-04-13 09:10:38,1000,41.0,7942.0,0,100,41,7899
2025-04-13 09:10:42,1000,18.0,8737.0,0,100,18,8701
2025-04-13 09:10:46,1000,18.0,8149.0,0,100,18,8119
2025-04-13 09:10:50,1000,18.0,8649.0,0,100,18,8608
2025-04-13 09:10:54,1000,18.0,8706.0,0,100,18,8667
2025-04-13 09:10:58,1000,18.0,8658.0,0,100,18,8625
2025-04-13 09:11:02,1000,18.0,8680.0,0,100,18,8642
2025-04-13 09:11:06,1000,9.0,5577.0,0,100,9,5553
2025-04-13 09:11:10,1000,0.0,0.0,0,0,0,0
2025-04-13 09:11:14,1000,0.0,0.0,0,0,0,0
2025-04-13 09:11:18,1000,0.0,0.0,0,0,0,0
2025-04-13 09:11:22,1000,0.0,0.0,0,0,0,0
2025-04-13 09:11:26,1000,0.0,0.0,0,0,0,0
2025-04-13 09:11:30,1000,0.0,0.0,0,0,0,0
2025-04-13 09:11:34,1000,0.0,0.0,0,0,0,0
2025-04-13 09:11:38,1000,0.0,0.0,0,0,0,0
2025-04-13 09:11:42,1000,0.0,0.0,0,0,0,0
2025-04-13 09:11:46,1000,0.0,0.0,0,0,0,0
2025-04-13 09:11:50,1000,0.0,0.0,0,0,0,0
2025-04-13 09:11:54,1000,0.0,0.0,0,0,0,0
2025-04-13 09:11:58,1000,0.0,0.0,0,0,0,0
2025-04-13 09:12:02,1000,0.0,0.0,0,0,0,0
2025-04-13 09:12:06,1000,0.0,0.0,0,0,0,0
2025-04-13 09:12:10,1000,0.0,0.0,0,0,0,0
2025-04-13 09:12:14,1000,0.0,0.0,0,0,0,0
2025-04-13 09:12:18,1000,0.0,0.0,0,0,0,0
2025-04-13 09:12:22,1000,0.0,0.0,0,0,0,0
2025-04-13 09:12:26,1000,0.0,0.0,0,0,0,0
2025-04-13 09:12:30,1000,0.0,0.0,0,0,0,0
2025-04-13 09:12:34,1000,0.0,0.0,0,0,0,0
2025-04-13 09:12:38,1000,0.0,0.0,0,0,0,0
2025-04-13 09:12:42,1000,0.0,0.0,0,0,0,0
2025-04-13 09:12:46,1000,0.0,0.0,0,0,0,0
2025-04-13 09:12:50,1000,0.0,0.0,0,0,0,0
2025-04-13 09:12:54,1000,0.0,0.0,0,0,0,0
2025-04-13 09:12:58,1000,0.0,0.0,0,0,0,0
2025-04-13 09:13:02,1000,0.0,0.0,0,0,0,0
2025-04-13 09:13:06,1000,0.0,0.0,0,0,0,0
2025-04-13 09:13:10,1000,41.0,6912.0,0,100,41,6878
2025-04-13 09:13:14,1000,18.0,8675.0,0,100,18,8634
2025-04-13 09:13:18,1000,18.0,8684.0,0,100,18,8651
2025-04-13 09:13:22,1000,18.0,8680.0,0,100,18,8642
2025-04-13 09:13:26,1000,18.0,8680.0,0,100,18,8642
2025-04-13 09:13:30,1000,13.0,8282.0,0,100,13,8245
2025-04-13 09:13:34,1000,18.0,8680.0,0,100,18,8642
2025-04-13 09:13:38,1000,13.0,6505.0,0,100,13,6481
2025-04-13 09:13:42,1000,0.0,0.0,0,0,0,0
2025-04-13 09:13:46,1000,0.0,0.0,0,0,0,0
2025-04-13 09:13:50,1000,0.0,0.0,0,0,0,0
2025-04-13 09:13:54,1000,0.0,0.0,0,0,0,0
2025-04-13 09:13:58,1000,0.0,0.0,0,0,0,0
2025-04-13 09:14:02,1000,0.0,0.0,0,0,0,0
2025-04-13 09:14:06,1000,0.0,0.0,0,0,0,0
2025-04-13 09:14:10,1000,0.0,0.0,0,0,0,0
2025-04-13 09:14:14,1000,0.0,0.0,0,0,0,0
2025-04-13 09:14:18,1000,0.0,0.0,0,0,0,0
2025-04-13 09:14:22,1000,0.0,0.0,0,0,0,0
2025-04-13 09:14:26,1000,0.0,0.0,0,0,0,0
2025-04-13 09:14:30,1000,0.0,0.0,0,0,0,0
2025-04-13 09:14:34,1000,0.0,0.0,0,0,0,0
2025-04-13 09:14:38,1000,0.0,0.0,0,0,0,0
2025-04-13 09:14:42,1000,0.0,0.0,0,0,0,0
2025-04-13 09:14:46,1000,0.0,0.0,0,0,0,0
2025-04-13 09:14:50,1000,0.0,0.0,0,0,0,0
2025-04-13 09:14:54,1000,0.0,0.0,0,0,0,0
2025-04-13 09:14:58,1000,0.0,0.0,0,0,0,0
2025-04-13 09:15:02,1000,0.0,0.0,0,0,0,0
2025-04-13 09:15:06,1000,0.0,0.0,0,0,0,0
2025-04-13 09:15:10,1000,0.0,0.0,0,0,0,0
2025-04-13 09:15:14,1000,0.0,0.0,0,0,0,0
2025-04-13 09:15:18,1000,0.0,0.0,0,0,0,0
2025-04-13 09:15:22,1000,0.0,0.0,0,0,0,0
2025-04-13 09:15:26,1000,0.0,0.0,0,0,0,0
2025-04-13 09:15:30,1000,0.0,0.0,0,0,0,0
2025-04-13 09:15:34,1000,0.0,0.0,0,0,0,0
2025-04-13 09:15:38,1000,0.0,0.0,0,0,0,0
2025-04-13 09:15:42,1000,37.0,6510.0,0,100,37,6481
2025-04-13 09:15:46,1000,18.0,8680.0,0,100,18,8642
2025-04-13 09:15:50,1000,18.0,8680.0,0,100,18,8642
2025-04-13 09:15:54,1000,18.0,8680.0,0,100,18,8642
2025-04-13 09:15:58,1000,18.0,8680.0,0,100,18,8642
2025-04-13 09:16:02,1000,18.0,8680.0,0,100,18,8642
2025-04-13 09:16:06,1000,18.0,8680.0,0,100,18,8642
2025-04-13 09:16:10,1000,13.0,6510.0,0,100,13,6481
2025-04-13 09:16:14,1000,0.0,0.0,0,0,0,0
2025-04-13 09:16:18,1000,0.0,0.0,0,0,0,0
2025-04-13 09:16:22,1000,0.0,0.0,0,0,0,0
2025-04-13 09:16:26,1000,0.0,0.0,0,0,0,0
2025-04-13 09:16:30,1000,0.0,0.0,0,0,0,0
2025-04-13 09:16:34,1000,0.0,0.0,0,0,0,0
2025-04-13 09:16:38,1000,0.0,0.0,0,0,0,0
2025-04-13 09:16:42,1000,0.0,0.0,0,0,0,0
2025-04-13 09:16:46,1000,0.0,0.0,0,0,0,0
2025-04-13 09:16:50,1000,0.0,0.0,0,0,0,0
2025-04-13 09:16:54,1000,0.0,0.0,0,0,0,0
2025-04-13 09:16:58,1000,0.0,0.0,0,0,0,0
2025-04-13 09:17:02,1000,0.0,0.0,0,0,0,0
2025-04-13 09:17:06,1000,0.0,0.0,0,0,0,0
2025-04-13 09:17:10,1000,0.0,0.0,0,0,0,0
2025-04-13 09:17:14,1000,0.0,0.0,0,0,0,0
2025-04-13 09:17:18,1000,0.0,0.0,0,0,0,0
2025-04-13 09:17:22,1000,0.0,0.0,0,0,0,0
2025-04-13 09:17:26,1000,0.0,0.0,0,0,0,0
2025-04-13 09:17:30,1000,0.0,0.0,0,0,0,0
2025-04-13 09:17:34,1000,0.0,0.0,0,0,0,0
2025-04-13 09:17:38,1000,0.0,0.0,0,0,0,0
2025-04-13 09:17:42,1000,0.0,0.0,0,0,0,0
2025-04-13 09:17:46,1000,0.0,0.0,0,0,0,0
2025-04-13 09:17:50,1000,0.0,0.0,0,0,0,0
2025-04-13 09:17:54,1000,0.0,0.0,0,0,0,0
2025-04-13 09:17:58,1000,0.0,0.0,0,0,0,0
2025-04-13 09:18:02,1000,0.0,0.0,0,0,0,0
2025-04-13 09:18:06,1000,0.0,0.0,0,0,0,0
2025-04-13 09:18:10,1000,0.0,0.0,0,0,0,0
2025-04-13 09:18:14,1000,37.0,6510.0,0,100,37,6481
2025-04-13 09:18:18,1000,18.0,8680.0,0,100,18,8642
2025-04-13 09:18:22,1000,18.0,8680.0,0,100,18,8642
2025-04-13 09:18:26,1000,18.0,8680.0,0,100,18,8642
2025-04-13 09:18:30,1000,18.0,8680.0,0,100,18,8642
2025-04-13 09:18:34,1000,18.0,8680.0,0,100,18,8642
2025-04-13 09:18:38,1000,18.0,8680.0,0,100,18,8642
2025-04-13 09:18:42,1000,13.0,6510.0,0,100,13,6481
2025-04-13 09:18:46,1000,0.0,0.0,0,0,0,0
2025-04-13 09:18:50,1000,0.0,0.0,0,0,0,0
2025-04-13 09:18:54,1000,0.0,0.0,0,0,0,0
2025-04-13 09:18:58,1000,0.0,0.0,0,0,0,0
2025-04-13 09:19:02,1000,0.0,0.0,0,0,0,0
2025-04-13 09:19:06,1000,0.0,0.0,0,0,0,0
2025-04-13 09:19:10,1000,0.0,0.0,0,0,0,0
2025-04-13 09:19:14,1000,0.0,0.0,0,0,0,0
2025-04-13 09:19:18,1000,0.0,0.0,0,0,0,0
2025-04-13 09:19:22,1000,0.0,0.0,0,0,0,0
2025-04-13 09:19:26,1000,0.0,0.0,0,0,0,0
2025-04-13 09:19:30,1000,0.0,0.0,0,0,0,0
2025-04-13 09:19:34,1000,0.0,0.0,0,0,0,0
2025-04-13 09:19:38,1000,0.0,0.0,0,0,0,0
2025-04-13 09:19:42,1000,0.0,0.0,0,0,0,0
2025-04-13 09:19:46,1000,0.0,0.0,0,0,0,0
2025-04-13 09:19:50,1000,0.0,0.0,0,0,0,0
2025-04-13 09:19:54,1000,0.0,0.0,0,0,0,0
2025-04-13 09:19:58,1000,0.0,0.0,0,0,0,0
2025-04-13 09:20:02,1000,0.0,0.0,0,0,0,0
2025-04-13 09:20:06,1000,0.0,0.0,0,0,0,0
2025-04-13 09:20:10,1000,0.0,0.0,0,0,0,0
2025-04-13 09:20:14,1000,0.0,0.0,0,0,0,0
2025-04-13 09:20:18,1000,0.0,0.0,0,0,0,0
2025-04-13 09:20:22,1000,0.0,0.0,0,0,0,0
2025-04-13 09:20:26,1000,0.0,0.0,0,0,0,0
2025-04-13 09:20:30,1000,0.0,0.0,0,0,0,0
2025-04-13 09:20:34,1000,0.0,0.0,0,0,0,0
2025-04-13 09:20:38,1000,0.0,0.0,0,0,0,0
2025-04-13 09:20:42,1000,0.0,0.0,0,0,0,0
2025-04-13 09:20:46,1000,37.0,6510.0,0,100,37,6481
2025-04-13 09:20:50,1000,18.0,8680.0,0,100,18,8642
2025-04-13 09:20:54,1000,18.0,8680.0,0,100,18,8642
2025-04-13 09:20:58,1000,18.0,8680.0,0,100,18,8642
2025-04-13 09:21:02,1000,18.0,8680.0,0,100,18,8642
2025-04-13 09:21:06,1000,18.0,8680.0,0,100,18,8642
2025-04-13 09:21:10,1000,18.0,8680.0,0,100,18,8642
2025-04-13 09:21:14,1000,13.0,6510.0,0,100,13,6481
2025-04-13 09:21:18,1000,0.0,0.0,0,0,0,0
2025-04-13 09:21:22,1000,0.0,0.0,0,0,0,0
2025-04-13 09:21:26,1000,0.0,0.0,0,0,0,0
2025-04-13 09:21:30,1000,0.0,0.0,0,0,0,0
2025-04-13 09:21:34,1000,0.0,0.0,0,0,0,0
2025-04-13 09:21:38,1000,0.0,0.0,0,0,0,0
2025-04-13 09:21:42,1000,0.0,0.0,0,0,0,0
2025-04-13 09:21:46,1000,0.0,0.0,0,0,0,0
2025-04-13 09:21:50,1000,0.0,0.0,0,0,0,0
2025-04-13 09:21:54,1000,0.0,0.0,0,0,0,0
2025-04-13 09:21:58,1000,0.0,0.0,0,0,0,0
2025-04-13 09:22:02,1000,0.0,0.0,0,0,0,0
2025-04-13 09:22:06,1000,0.0,0.0,0,0,0,0
2025-04-13 09:22:10,1000,0.0,0.0,0,0,0,0
2025-04-13 09:22:14,1000,0.0,0.0,0,0,0,0
2025-04-13 09:22:18,1000,0.0,0.0,0,0,0,0
2025-04-13 09:22:22,1000,0.0,0.0,0,0,0,0
2025-04-13 09:22:26,1000,0.0,0.0,0,0,0,0
2025-04-13 09:22:30,1000,0.0,0.0,0,0,0,0
2025-04-13 09:22:34,1000,0.0,0.0,0,0,0,0
2025-04-13 09:22:38,1000,0.0,0.0,0,0,0,0
2025-04-13 09:22:42,1000,0.0,0.0,0,0,0,0
2025-04-13 09:22:46,1000,0.0,0.0,0,0,0,0
2025-04-13 09:22:50,1000,0.0,0.0,0,0,0,0
2025-04-13 09:22:54,1000,0.0,0.0,0,0,0,0
2025-04-13 09:22:58,1000,0.0,0.0,0,0,0,0
2025-04-13 09:23:02,1000,0.0,0.0,0,0,0,0
2025-04-13 09:23:06,1000,0.0,0.0,0,0,0,0
2025-04-13 09:23:10,1000,0.0,0.0,0,0,0,0
2025-04-13 09:23:14,1000,0.0,0.0,0,0,0,0
2025-04-13 09:23:18,1000,37.0,6510.0,0,100,37,6481
2025-04-13 09:23:22,1000,18.0,8680.0,0,100,18,8642
2025-04-13 09:23:26,1000,18.0,8680.0,0,100,18,8642
2025-04-13 09:23:30,1000,18.0,8680.0,0,100,18,8642
2025-04-13 09:23:34,1000,18.0,8680.0,0,100,18,8642
2025-04-13 09:23:38,1000,18.0,8680.0,0,100,18,8642
2025-04-13 09:23:42,1000,18.0,8680.0,0,100,18,8642
2025-04-13 09:23:46,1000,13.0,6510.0,0,100,13,6481
2025-04-13 09:23:50,1000,0.0,0.0,0,0,0,0
2025-04-13 09:23:54,1000,0.0,0.0,0,0,0,0
2025-04-13 09:23:58,1000,0.0,0.0,0,0,0,0
2025-04-13 09:24:02,1000,0.0,0.0,0,0,0,0
2025-04-13 09:24:06,1000,0.0,0.0,0,0,0,0
2025-04-13 09:24:10,1000,0.0,0.0,0,0,0,0
2025-04-13 09:24:14,1000,0.0,0.0,0,0,0,0
2025-04-13 09:24:18,1000,0.0,0.0,0,0,0,0
2025-04-13 09:24:22,1000,0.0,0.0,0,0,0,0
2025-04-13 09:24:26,1000,0.0,0.0,0,0,0,0
2025-04-13 09:24:30,1000,0.0,0.0,0,0,0,0
2025-04-13 09:24:34,1000,0.0,0.0,0,0,0,0
2025-04-13 09:24:38,1000,0.0,0.0,0,0,0,0
2025-04-13 09:24:42,1000,0.0,0.0,0,0,0,0
2025-04-13 09:24:46,1000,0.0,0.0,0,0,0,0
2025-04-13 09:24:50,1000,0.0,0.0,0,0,0,0
2025-04-13 09:24:54,1000,0.0,0.0,0,0,0,0
2025-04-13 09:24:58,1000,0.0,0.0,0,0,0,0
2025-04-13 09:25:02,1000,0.0,0.0,0,0,0,0
2025-04-13 09:25:06,1000,0.0,0.0,0,0,0,0
2025-04-13 09:25:10,1000,0.0,0.0,0,0,0,0
2025-04-13 09:25:14,1000,0.0,0.0,0,0,0,0
2025-04-13 09:25:18,1000,0.0,0.0,0,0,0,0
2025-04-13 09:25:22,1000,0.0,0.0,0,0,0,0
2025-04-13 09:25:26,1000,0.0,0.0,0,0,0,0
2025-04-13 09:25:30,1000,0.0,0.0,0,0,0,0
2025-04-13 09:25:34,1000,0.0,0.0,0,0,0,0
2025-04-13 09:25:38,1000,0.0,0.0,0,0,0,0
2025-04-13 09:25:42,1000,0.0,0.0,0,0,0,0
2025-04-13 09:25:46,1000,0.0,0.0,0,0,0,0
2025-04-13 09:25:50,1000,37.0,5299.0,0,100,37,5275
2025-04-13 09:25:54,1000,18.0,8680.0,0,100,18,8642
2025-04-13 09:25:58,1000,18.0,8123.0,0,100,18,8085
2025-04-13 09:26:02,1000,18.0,8675.0,0,100,18,8634
2025-04-13 09:26:06,1000,18.0,8711.0,0,100,18,8676
2025-04-13 09:26:10,1000,18.0,8680.0,0,100,18,8642
2025-04-13 09:26:14,1000,18.0,8680.0,0,100,18,8642
2025-04-13 09:26:18,1000,13.0,8251.0,0,100,13,8220
2025-04-13 09:26:22,1000,0.0,0.0,0,0,0,0
2025-04-13 09:26:26,1000,0.0,0.0,0,0,0,0
2025-04-13 09:26:30,1000,0.0,0.0,0,0,0,0
2025-04-13 09:26:34,1000,0.0,0.0,0,0,0,0
2025-04-13 09:26:38,1000,0.0,0.0,0,0,0,0
2025-04-13 09:26:42,1000,0.0,0.0,0,0,0,0
2025-04-13 09:26:46,1000,0.0,0.0,0,0,0,0
2025-04-13 09:26:50,1000,0.0,0.0,0,0,0,0
2025-04-13 09:26:54,1000,0.0,0.0,0,0,0,0
2025-04-13 09:26:58,1000,0.0,0.0,0,0,0,0
2025-04-13 09:27:02,1000,0.0,0.0,0,0,0,0
2025-04-13 09:27:06,1000,0.0,0.0,0,0,0,0
2025-04-13 09:27:10,1000,0.0,0.0,0,0,0,0
2025-04-13 09:27:14,1000,0.0,0.0,0,0,0,0
2025-04-13 09:27:18,1000,0.0,0.0,0,0,0,0
2025-04-13 09:27:22,1000,0.0,0.0,0,0,0,0
2025-04-13 09:27:26,1000,0.0,0.0,0,0,0,0
2025-04-13 09:27:30,1000,0.0,0.0,0,0,0,0
2025-04-13 09:27:34,1000,0.0,0.0,0,0,0,0
2025-04-13 09:27:38,1000,0.0,0.0,0,0,0,0
2025-04-13 09:27:42,1000,0.0,0.0,0,0,0,0
2025-04-13 09:27:46,1000,0.0,0.0,0,0,0,0
2025-04-13 09:27:50,1000,0.0,0.0,0,0,0,0
2025-04-13 09:27:54,1000,0.0,0.0,0,0,0,0
2025-04-13 09:27:58,1000,0.0,0.0,0,0,0,0
2025-04-13 09:28:02,1000,0.0,0.0,0,0,0,0
2025-04-13 09:28:06,1000,0.0,0.0,0,0,0,0
2025-04-13 09:28:10,1000,0.0,0.0,0,0,0,0
2025-04-13 09:28:14,1000,0.0,0.0,0,0,0,0
2025-04-13 09:28:18,1000,0.0,0.0,0,0,0,0
2025-04-13 09:28:22,1000,37.0,6356.0,0,100,37,6321
2025-04-13 09:28:26,1000,18.0,8653.0,0,100,18,8617
2025-04-13 09:28:30,1000,18.0,8653.0,0,100,18,8617
2025-04-13 09:28:34,1000,18.0,8233.0,0,100,18,8195
2025-04-13 09:28:38,1000,18.0,8653.0,0,100,18,8617
2025-04-13 09:28:42,1000,18.0,8649.0,0,100,18,8617
2025-04-13 09:28:46,1000,18.0,8653.0,0,100,18,8608
2025-04-13 09:28:50,1000,13.0,7247.0,0,100,13,7224
2025-04-13 09:28:54,1000,0.0,0.0,0,0,0,0
2025-04-13 09:28:58,1000,0.0,0.0,0,0,0,0
2025-04-13 09:29:02,1000,0.0,0.0,0,0,0,0
2025-04-13 09:29:06,1000,0.0,0.0,0,0,0,0
2025-04-13 09:29:10,1000,0.0,0.0,0,0,0,0
2025-04-13 09:29:14,1000,0.0,0.0,0,0,0,0
2025-04-13 09:29:18,1000,0.0,0.0,0,0,0,0
2025-04-13 09:29:22,1000,0.0,0.0,0,0,0,0
2025-04-13 09:29:26,1000,0.0,0.0,0,0,0,0
2025-04-13 09:29:30,1000,0.0,0.0,0,0,0,0
2025-04-13 09:29:34,1000,0.0,0.0,0,0,0,0
2025-04-13 09:29:38,1000,0.0,0.0,0,0,0,0
2025-04-13 09:29:42,1000,0.0,0.0,0,0,0,0
2025-04-13 09:29:46,1000,0.0,0.0,0,0,0,0
2025-04-13 09:29:50,1000,0.0,0.0,0,0,0,0
2025-04-13 09:29:54,1000,0.0,0.0,0,0,0,0
2025-04-13 09:29:58,1000,0.0,0.0,0,0,0,0
2025-04-13 09:30:02,1000,0.0,0.0,0,0,0,0
2025-04-13 09:30:06,1000,0.0,0.0,0,0,0,0
2025-04-13 09:30:10,1000,0.0,0.0,0,0,0,0
2025-04-13 09:30:14,1000,0.0,0.0,0,0,0,0
2025-04-13 09:30:18,1000,0.0,0.0,0,0,0,0
2025-04-13 09:30:22,1000,0.0,0.0,0,0,0,0
2025-04-13 09:30:26,1000,0.0,0.0,0,0,0,0
2025-04-13 09:30:30,1000,0.0,0.0,0,0,0,0
2025-04-13 09:30:34,1000,0.0,0.0,0,0,0,0
2025-04-13 09:30:38,1000,0.0,0.0,0,0,0,0
2025-04-13 09:30:42,1000,0.0,0.0,0,0,0,0
2025-04-13 09:30:46,1000,0.0,0.0,0,0,0,0
2025-04-13 09:30:50,1000,0.0,0.0,0,0,0,0
2025-04-13 09:30:54,1000,32.0,4344.0,0,100,32,4321
2025-04-13 09:30:58,1000,18.0,8680.0,0,100,18,8642
2025-04-13 09:31:02,1000,18.0,8680.0,0,100,18,8642
2025-04-13 09:31:06,1000,18.0,8680.0,0,100,18,8642
2025-04-13 09:31:10,1000,18.0,8680.0,0,100,18,8642
2025-04-13 09:31:14,1000,18.0,8675.0,0,100,18,8642
2025-04-13 09:31:18,1000,18.0,8680.0,0,100,18,8642
2025-04-13 09:31:22,1000,18.0,8680.0,0,100,18,8642
2025-04-13 09:31:26,1000,0.0,0.0,0,0,0,0
2025-04-13 09:31:30,1000,0.0,0.0,0,0,0,0
2025-04-13 09:31:34,1000,0.0,0.0,0,0,0,0
2025-04-13 09:31:38,1000,0.0,0.0,0,0,0,0
2025-04-13 09:31:42,1000,0.0,0.0,0,0,0,0
2025-04-13 09:31:46,1000,0.0,0.0,0,0,0,0
2025-04-13 09:31:50,1000,0.0,0.0,0,0,0,0
2025-04-13 09:31:54,1000,0.0,0.0,0,0,0,0
2025-04-13 09:31:58,1000,0.0,0.0,0,0,0,0
2025-04-13 09:32:02,1000,0.0,0.0,0,0,0,0
2025-04-13 09:32:06,1000,0.0,0.0,0,0,0,0
2025-04-13 09:32:10,1000,0.0,0.0,0,0,0,0
2025-04-13 09:32:14,1000,0.0,0.0,0,0,0,0
2025-04-13 09:32:18,1000,0.0,0.0,0,0,0,0
2025-04-13 09:32:22,1000,0.0,0.0,0,0,0,0
2025-04-13 09:32:26,1000,0.0,0.0,0,0,0,0
2025-04-13 09:32:30,1000,0.0,0.0,0,0,0,0
2025-04-13 09:32:34,1000,0.0,0.0,0,0,0,0
2025-04-13 09:32:38,1000,0.0,0.0,0,0,0,0
2025-04-13 09:32:42,1000,0.0,0.0,0,0,0,0
2025-04-13 09:32:46,1000,0.0,0.0,0,0,0,0
2025-04-13 09:32:50,1000,0.0,0.0,0,0,0,0
2025-04-13 09:32:54,1000,0.0,0.0,0,0,0,0
2025-04-13 09:32:58,1000,0.0,0.0,0,0,0,0
2025-04-13 09:33:02,1000,0.0,0.0,0,0,0,0
2025-04-13 09:33:06,1000,0.0,0.0,0,0,0,0
2025-04-13 09:33:10,1000,0.0,0.0,0,0,0,0
2025-04-13 09:33:14,1000,0.0,0.0,0,0,0,0
2025-04-13 09:33:18,1000,0.0,0.0,0,0,0,0
2025-04-13 09:33:22,1000,0.0,0.0,0,0,0,0
2025-04-13 09:33:26,1000,37.0,6334.0,0,100,37,6304
2025-04-13 09:33:30,1000,18.0,8675.0,0,100,18,8634
2025-04-13 09:33:34,1000,18.0,8149.0,0,100,18,8119
2025-04-13 09:33:38,1000,18.0,8711.0,0,100,18,8667
2025-04-13 09:33:42,1000,18.0,8680.0,0,100,18,8642
2025-04-13 09:33:46,1000,18.0,8627.0,0,100,18,8591
2025-04-13 09:33:50,1000,18.0,8702.0,0,100,18,8667
2025-04-13 09:33:54,1000,13.0,7221.0,0,100,13,7190
2025-04-13 09:33:58,1000,0.0,0.0,0,0,0,0
2025-04-13 09:34:02,1000,0.0,0.0,0,0,0,0
2025-04-13 09:34:06,1000,0.0,0.0,0,0,0,0
2025-04-13 09:34:10,1000,0.0,0.0,0,0,0,0
2025-04-13 09:34:14,1000,0.0,0.0,0,0,0,0
2025-04-13 09:34:18,1000,0.0,0.0,0,0,0,0
2025-04-13 09:34:22,1000,0.0,0.0,0,0,0,0
2025-04-13 09:34:26,1000,0.0,0.0,0,0,0,0
2025-04-13 09:34:30,1000,0.0,0.0,0,0,0,0
2025-04-13 09:34:34,1000,0.0,0.0,0,0,0,0
2025-04-13 09:34:38,1000,0.0,0.0,0,0,0,0
2025-04-13 09:34:42,1000,0.0,0.0,0,0,0,0
2025-04-13 09:34:46,1000,0.0,0.0,0,0,0,0
2025-04-13 09:34:50,1000,0.0,0.0,0,0,0,0
2025-04-13 09:34:54,1000,0.0,0.0,0,0,0,0
2025-04-13 09:34:58,1000,0.0,0.0,0,0,0,0
2025-04-13 09:35:02,1000,0.0,0.0,0,0,0,0
2025-04-13 09:35:06,1000,0.0,0.0,0,0,0,0
2025-04-13 09:35:10,1000,0.0,0.0,0,0,0,0
2025-04-13 09:35:14,1000,0.0,0.0,0,0,0,0
2025-04-13 09:35:18,1000,0.0,0.0,0,0,0,0
2025-04-13 09:35:22,1000,0.0,0.0,0,0,0,0
2025-04-13 09:35:26,1000,0.0,0.0,0,0,0,0
2025-04-13 09:35:30,1000,0.0,0.0,0,0,0,0
2025-04-13 09:35:34,1000,0.0,0.0,0,0,0,0
2025-04-13 09:35:38,1000,0.0,0.0,0,0,0,0
2025-04-13 09:35:42,1000,0.0,0.0,0,0,0,0
2025-04-13 09:35:46,1000,0.0,0.0,0,0,0,0
2025-04-13 09:35:50,1000,0.0,0.0,0,0,0,0
2025-04-13 09:35:54,1000,0.0,0.0,0,0,0,0
2025-04-13 09:35:58,1000,32.0,4340.0,0,100,32,4321
2025-04-13 09:36:02,1000,18.0,8680.0,0,100,18,8642
2025-04-13 09:36:06,1000,18.0,8680.0,0,100,18,8642
2025-04-13 09:36:10,1000,18.0,8680.0,0,100,18,8642
2025-04-13 09:36:14,1000,18.0,8680.0,0,100,18,8642
2025-04-13 09:36:18,1000,18.0,8680.0,0,100,18,8642
2025-04-13 09:36:22,1000,18.0,8680.0,0,100,18,8642
2025-04-13 09:36:26,1000,18.0,8680.0,0,100,18,8642
2025-04-13 09:36:30,1000,0.0,0.0,0,0,0,0
2025-04-13 09:36:34,1000,0.0,0.0,0,0,0,0
2025-04-13 09:36:38,1000,0.0,0.0,0,0,0,0
2025-04-13 09:36:42,1000,0.0,0.0,0,0,0,0
2025-04-13 09:36:46,1000,0.0,0.0,0,0,0,0
2025-04-13 09:36:50,1000,0.0,0.0,0,0,0,0
2025-04-13 09:36:54,1000,0.0,0.0,0,0,0,0
2025-04-13 09:36:58,1000,0.0,0.0,0,0,0,0
2025-04-13 09:37:02,1000,0.0,0.0,0,0,0,0
2025-04-13 09:37:06,1000,0.0,0.0,0,0,0,0
2025-04-13 09:37:10,1000,0.0,0.0,0,0,0,0
2025-04-13 09:37:14,1000,0.0,0.0,0,0,0,0
2025-04-13 09:37:18,1000,0.0,0.0,0,0,0,0
2025-04-13 09:37:22,1000,0.0,0.0,0,0,0,0
2025-04-13 09:37:26,1000,0.0,0.0,0,0,0,0
2025-04-13 09:37:30,1000,0.0,0.0,0,0,0,0
2025-04-13 09:37:34,1000,0.0,0.0,0,0,0,0
2025-04-13 09:37:38,1000,0.0,0.0,0,0,0,0
2025-04-13 09:37:42,1000,0.0,0.0,0,0,0,0
2025-04-13 09:37:46,1000,0.0,0.0,0,0,0,0
2025-04-13 09:37:50,1000,0.0,0.0,0,0,0,0
2025-04-13 09:37:54,1000,0.0,0.0,0,0,0,0
2025-04-13 09:37:58,1000,0.0,0.0,0,0,0,0
2025-04-13 09:38:02,1000,0.0,0.0,0,0,0,0
2025-04-13 09:38:06,1000,0.0,0.0,0,0,0,0
2025-04-13 09:38:10,1000,0.0,0.0,0,0,0,0
2025-04-13 09:38:14,1000,0.0,0.0,0,0,0,0
2025-04-13 09:38:18,1000,0.0,0.0,0,0,0,0
2025-04-13 09:38:22,1000,0.0,0.0,0,0,0,0
2025-04-13 09:38:26,1000,0.0,0.0,0,0,0,0
2025-04-13 09:38:30,1000,32.0,4340.0,0,100,32,4321
2025-04-13 09:38:34,1000,18.0,8680.0,0,100,18,8642
2025-04-13 09:38:38,1000,18.0,8680.0,0,100,18,8642
2025-04-13 09:38:42,1000,18.0,8680.0,0,100,18,8642
2025-04-13 09:38:46,1000,18.0,8680.0,0,100,18,8642
2025-04-13 09:38:50,1000,18.0,8680.0,0,100,18,8642
2025-04-13 09:38:54,1000,18.0,8680.0,0,100,18,8642
2025-04-13 09:38:58,1000,18.0,8680.0,0,100,18,8642
2025-04-13 09:39:02,1000,0.0,0.0,0,0,0,0
2025-04-13 09:39:06,1000,0.0,0.0,0,0,0,0
2025-04-13 09:39:10,1000,0.0,0.0,0,0,0,0
2025-04-13 09:39:14,1000,0.0,0.0,0,0,0,0
2025-04-13 09:39:18,1000,0.0,0.0,0,0,0,0
2025-04-13 09:39:22,1000,0.0,0.0,0,0,0,0
2025-04-13 09:39:26,1000,0.0,0.0,0,0,0,0
2025-04-13 09:39:30,1000,0.0,0.0,0,0,0,0
2025-04-13 09:39:34,1000,0.0,0.0,0,0,0,0
2025-04-13 09:39:38,1000,0.0,0.0,0,0,0,0
2025-04-13 09:39:42,1000,0.0,0.0,0,0,0,0
2025-04-13 09:39:46,1000,0.0,0.0,0,0,0,0
2025-04-13 09:39:50,1000,0.0,0.0,0,0,0,0
2025-04-13 09:39:54,1000,0.0,0.0,0,0,0,0
2025-04-13 09:39:58,1000,0.0,0.0,0,0,0,0
2025-04-13 09:40:02,1000,0.0,0.0,0,0,0,0
2025-04-13 09:40:06,1000,0.0,0.0,0,0,0,0
2025-04-13 09:40:10,1000,0.0,0.0,0,0,0,0
2025-04-13 09:40:14,1000,0.0,0.0,0,0,0,0
2025-04-13 09:40:18,1000,0.0,0.0,0,0,0,0
2025-04-13 09:40:22,1000,0.0,0.0,0,0,0,0
2025-04-13 09:40:26,1000,0.0,0.0,0,0,0,0
2025-04-13 09:40:30,1000,0.0,0.0,0,0,0,0
2025-04-13 09:40:34,1000,0.0,0.0,0,0,0,0
2025-04-13 09:40:38,1000,0.0,0.0,0,0,0,0
2025-04-13 09:40:42,1000,0.0,0.0,0,0,0,0
2025-04-13 09:40:46,1000,0.0,0.0,0,0,0,0
2025-04-13 09:40:50,1000,0.0,0.0,0,0,0,0
2025-04-13 09:40:54,1000,0.0,0.0,0,0,0,0
2025-04-13 09:40:58,1000,0.0,0.0,0,0,0,0
2025-04-13 09:41:02,1000,32.0,4340.0,0,100,32,4321
2025-04-13 09:41:06,1000,18.0,8680.0,0,100,18,8642
2025-04-13 09:41:10,1000,18.0,8680.0,0,100,18,8642
2025-04-13 09:41:14,1000,18.0,8680.0,0,100,18,8642
2025-04-13 09:41:18,1000,18.0,8680.0,0,100,18,8642
2025-04-13 09:41:22,1000,18.0,8680.0,0,100,18,8642
2025-04-13 09:41:26,1000,18.0,8680.0,0,100,18,8642
2025-04-13 09:41:30,1000,18.0,8680.0,0,100,18,8642
2025-04-13 09:41:34,1000,0.0,0.0,0,0,0,0
2025-04-13 09:41:38,1000,0.0,0.0,0,0,0,0
2025-04-13 09:41:42,1000,0.0,0.0,0,0,0,0
2025-04-13 09:41:46,1000,0.0,0.0,0,0,0,0
2025-04-13 09:41:50,1000,0.0,0.0,0,0,0,0
2025-04-13 09:41:54,1000,0.0,0.0,0,0,0,0
2025-04-13 09:41:58,1000,0.0,0.0,0,0,0,0
2025-04-13 09:42:02,1000,0.0,0.0,0,0,0,0
2025-04-13 09:42:06,1000,0.0,0.0,0,0,0,0
2025-04-13 09:42:10,1000,0.0,0.0,0,0,0,0
2025-04-13 09:42:14,1000,0.0,0.0,0,0,0,0
2025-04-13 09:42:18,1000,0.0,0.0,0,0,0,0
2025-04-13 09:42:22,1000,0.0,0.0,0,0,0,0
2025-04-13 09:42:26,1000,0.0,0.0,0,0,0,0
2025-04-13 09:42:30,1000,0.0,0.0,0,0,0,0
2025-04-13 09:42:34,1000,0.0,0.0,0,0,0,0
2025-04-13 09:42:38,1000,0.0,0.0,0,0,0,0
2025-04-13 09:42:42,1000,0.0,0.0,0,0,0,0
2025-04-13 09:42:46,1000,0.0,0.0,0,0,0,0
2025-04-13 09:42:50,1000,0.0,0.0,0,0,0,0
2025-04-13 09:42:54,1000,0.0,0.0,0,0,0,0
2025-04-13 09:42:58,1000,0.0,0.0,0,0,0,0
2025-04-13 09:43:02,1000,0.0,0.0,0,0,0,0
2025-04-13 09:43:06,1000,0.0,0.0,0,0,0,0
2025-04-13 09:43:10,1000,0.0,0.0,0,0,0,0
2025-04-13 09:43:14,1000,0.0,0.0,0,0,0,0
2025-04-13 09:43:18,1000,0.0,0.0,0,0,0,0
2025-04-13 09:43:22,1000,0.0,0.0,0,0,0,0
2025-04-13 09:43:26,1000,0.0,0.0,0,0,0,0
2025-04-13 09:43:30,1000,0.0,0.0,0,0,0,0
2025-04-13 09:43:34,1000,37.0,5299.0,0,100,37,5275
2025-04-13 09:43:38,1000,18.0,8622.0,0,100,18,8583
2025-04-13 09:43:42,1000,18.0,8737.0,0,100,18,8701
2025-04-13 09:43:46,1000,18.0,8123.0,0,100,18,8085
2025-04-13 09:43:50,1000,18.0,8653.0,0,100,18,8617
2025-04-13 09:43:54,1000,18.0,8702.0,0,100,18,8659
2025-04-13 09:43:58,1000,18.0,8711.0,0,100,18,8676
2025-04-13 09:44:02,1000,13.0,8251.0,0,100,13,8220
2025-04-13 09:44:06,1000,0.0,0.0,0,0,0,0
2025-04-13 09:44:10,1000,0.0,0.0,0,0,0,0
2025-04-13 09:44:14,1000,0.0,0.0,0,0,0,0
2025-04-13 09:44:18,1000,0.0,0.0,0,0,0,0
2025-04-13 09:44:22,1000,0.0,0.0,0,0,0,0
2025-04-13 09:44:26,1000,0.0,0.0,0,0,0,0
2025-04-13 09:44:30,1000,0.0,0.0,0,0,0,0
2025-04-13 09:44:34,1000,0.0,0.0,0,0,0,0
2025-04-13 09:44:38,1000,0.0,0.0,0,0,0,0
2025-04-13 09:44:42,1000,0.0,0.0,0,0,0,0
2025-04-13 09:44:46,1000,0.0,0.0,0,0,0,0
2025-04-13 09:44:50,1000,0.0,0.0,0,0,0,0
2025-04-13 09:44:54,1000,0.0,0.0,0,0,0,0
2025-04-13 09:44:58,1000,0.0,0.0,0,0,0,0
2025-04-13 09:45:02,1000,0.0,0.0,0,0,0,0
2025-04-13 09:45:06,1000,0.0,0.0,0,0,0,0
2025-04-13 09:45:10,1000,0.0,0.0,0,0,0,0
2025-04-13 09:45:14,1000,0.0,0.0,0,0,0,0
2025-04-13 09:45:18,1000,0.0,0.0,0,0,0,0
2025-04-13 09:45:22,1000,0.0,0.0,0,0,0,0
2025-04-13 09:45:26,1000,0.0,0.0,0,0,0,0
2025-04-13 09:45:30,1000,0.0,0.0,0,0,0,0
2025-04-13 09:45:34,1000,0.0,0.0,0,0,0,0
2025-04-13 09:45:38,1000,0.0,0.0,0,0,0,0
2025-04-13 09:45:42,1000,0.0,0.0,0,0,0,0
2025-04-13 09:45:46,1000,0.0,0.0,0,0,0,0
2025-04-13 09:45:50,1000,0.0,0.0,0,0,0,0
2025-04-13 09:45:54,1000,0.0,0.0,0,0,0,0
2025-04-13 09:45:58,1000,0.0,0.0,0,0,0,0
2025-04-13 09:46:02,1000,0.0,0.0,0,0,0,0
2025-04-13 09:46:06,1000,0.0,0.0,0,0,0,0
2025-04-13 09:46:10,1000,0.0,0.0,0,0,0,0
2025-04-13 09:46:14,1000,0.0,0.0,0,0,0,0
2025-04-13 09:46:18,1000,0.0,0.0,0,0,0,0
2025-04-13 09:46:22,1000,0.0,0.0,0,0,0,0
2025-04-13 09:46:26,1000,0.0,0.0,0,0,0,0
2025-04-13 09:46:30,1000,0.0,0.0,0,0,0,0
2025-04-13 09:46:34,1000,0.0,0.0,0,0,0,0
2025-04-13 09:46:38,1000,0.0,0.0,0,0,0,0
2025-04-13 09:46:42,1000,0.0,0.0,0,0,0,0
2025-04-13 09:46:46,1000,0.0,0.0,0,0,0,0
2025-04-13 09:46:50,1000,0.0,0.0,0,0,0,0
2025-04-13 09:46:54,1000,0.0,0.0,0,0,0,0
2025-04-13 09:46:58,1000,0.0,0.0,0,0,0,0
2025-04-13 09:47:02,1000,0.0,0.0,0,0,0,0
2025-04-13 09:47:06,1000,0.0,0.0,0,0,0,0
2025-04-13 09:47:10,1000,0.0,0.0,0,0,0,0
2025-04-13 09:47:14,1000,0.0,0.0,0,0,0,0
2025-04-13 09:47:18,1000,0.0,0.0,0,0,0,0
2025-04-13 09:47:22,1000,0.0,0.0,0,0,0,0
2025-04-13 09:47:26,1000,0.0,0.0,0,0,0,0
2025-04-13 09:47:30,1000,0.0,0.0,0,0,0,0
2025-04-13 09:47:34,1000,0.0,0.0,0,0,0,0
2025-04-13 09:47:38,1000,0.0,0.0,0,0,0,0
2025-04-13 09:47:42,1000,0.0,0.0,0,0,0,0
2025-04-13 09:47:46,1000,0.0,0.0,0,0,0,0
2025-04-13 09:47:50,1000,0.0,0.0,0,0,0,0
2025-04-13 09:47:54,1000,0.0,0.0,0,0,0,0
2025-04-13 09:47:58,1000,0.0,0.0,0,0,0,0
2025-04-13 09:48:02,1000,0.0,0.0,0,0,0,0
2025-04-13 09:48:06,1000,0.0,0.0,0,0,0,0
2025-04-13 09:48:10,1000,0.0,0.0,0,0,0,0
2025-04-13 09:48:14,1000,0.0,0.0,0,0,0,0
2025-04-13 09:48:18,1000,0.0,0.0,0,0,0,0
2025-04-13 09:48:22,1000,0.0,0.0,0,0,0,0
2025-04-13 09:48:26,1000,0.0,0.0,0,0,0,0
2025-04-13 09:48:30,1000,0.0,0.0,0,0,0,0
2025-04-13 09:48:34,1000,0.0,0.0,0,0,0,0
2025-04-13 09:48:38,1000,0.0,0.0,0,0,0,0
2025-04-13 09:48:42,1000,0.0,0.0,0,0,0,0
2025-04-13 09:48:46,1000,0.0,0.0,0,0,0,0
2025-04-13 09:48:50,1000,0.0,0.0,0,0,0,0
2025-04-13 09:48:54,1000,0.0,0.0,0,0,0,0
2025-04-13 09:48:58,1000,0.0,0.0,0,0,0,0
2025-04-13 09:49:02,1000,0.0,0.0,0,0,0,0
2025-04-13 09:49:06,1000,0.0,0.0,0,0,0,0
2025-04-13 09:49:10,1000,0.0,0.0,0,0,0,0
2025-04-13 09:49:14,1000,0.0,0.0,0,0,0,0
2025-04-13 09:49:18,1000,0.0,0.0,0,0,0,0
2025-04-13 09:49:22,1000,0.0,0.0,0,0,0,0
2025-04-13 09:49:26,1000,0.0,0.0,0,0,0,0
2025-04-13 09:49:30,1000,0.0,0.0,0,0,0,0
